Период;Библиотека;Посещения;Выдано;Возвращено;Продлено;Новые читатели;Просрочено более 30 дней;Макс. операций в день;Макс. операций в час
2025-01;ЦГБ;6464;11777;12766;2512;113;945;2312;366
2025-01;Ф1;2748;5063;5391;839;50;405;994;148
2025-01;Ф2;4290;6967;7242;1203;71;558;1381;226
2025-01;Ф3;2098;3772;3987;634;38;304;679;114
2025-01;Ф4;2600;4639;4895;815;46;382;880;138
2025-01;Ф5;1445;2670;2879;474;26;212;486;75
2025-01;Ф6;2263;4147;4598;720;38;325;745;105
2025-01;Ф7;838;1496;1615;260;16;121;279;46
2025-02;ЦГБ;7816;13990;12962;2994;151;1122;2034;291
2025-02;Ф1;3245;5801;5412;1013;60;492;851;122
2025-02;Ф2;4627;7709;7443;1271;82;632;1189;168
2025-02;Ф3;2434;4516;4249;774;46;380;712;116
2025-02;Ф4;3058;5545;5162;988;57;461;838;131
2025-02;Ф5;1796;3247;3049;575;35;257;503;73
2025-02;Ф6;2773;5002;4684;886;52;403;783;115
2025-02;Ф7;894;1674;1577;296;15;137;243;39
2025-03;ЦГБ;7980;14849;14685;3409;154;1260;2070;334
2025-03;Ф1;3692;6632;6254;1128;68;524;924;156
2025-03;Ф2;4800;8024;7893;1429;84;682;1154;173
2025-03;Ф3;2664;4734;4646;796;48;389;630;101
2025-03;Ф4;3233;5804;5720;939;62;482;831;138
2025-03;Ф5;1880;3506;3443;568;36;281;455;68
2025-03;Ф6;2975;5485;5292;941;57;471;815;123
2025-03;Ф7;1009;1886;1797;309;18;153;280;40
2025-04;ЦГБ;8247;14825;14954;3100;157;1224;2034;332
2025-04;Ф1;3259;6079;6255;1080;55;507;932;134
2025-04;Ф2;4659;7582;7824;1300;85;619;1173;191
2025-04;Ф3;2652;4708;4802;793;49;393;630;90
2025-04;Ф4;3234;5752;5722;992;55;454;813;135
2025-04;Ф5;1822;3300;3322;537;32;279;483;72
2025-04;Ф6;2956;5301;5473;906;51;419;726;112
2025-04;Ф7;999;1773;1795;316;19;152;246;38
2025-05;ЦГБ;6814;12638;13635;2909;128;1014;1873;275
2025-05;Ф1;3006;5441;5601;910;57;450;717;119
2025-05;Ф2;3928;6644;6961;1093;73;528;893;130
2025-05;Ф3;2191;4104;4400;665;42;342;589;86
2025-05;Ф4;2803;5128;5274;890;51;404;716;119
2025-05;Ф5;1692;3057;3163;510;32;241;404;58
2025-05;Ф6;2751;4872;5068;864;52;391;714;115
2025-05;Ф7;942;1698;1751;289;16;146;231;38
2025-06;ЦГБ;6640;12341;12676;2747;123;973;1874;286
2025-06;Ф1;2732;5118;5182;853;46;405;716;102
2025-06;Ф2;5626;9274;8159;1592;97;754;1380;201
2025-06;Ф3;2253;4049;4134;692;38;331;576;91
2025-06;Ф4;2798;5045;5172;841;48;421;810;136
2025-06;Ф5;1600;2858;2895;504;27;231;394;61
2025-06;Ф6;2541;4666;4713;784;46;396;667;94
2025-06;Ф7;891;1599;1644;277;16;126;221;35
2025-07;ЦГБ;6113;11199;11801;2398;111;885;1476;237
2025-07;Ф1;2556;4575;4886;771;44;375;698;106
2025-07;Ф2;5143;8675;8819;1518;93;697;1116;166
2025-07;Ф3;1898;3402;3724;587;34;276;472;78
2025-07;Ф4;2347;4219;4463;729;43;344;583;87
2025-07;Ф5;1400;2521;2643;413;25;212;356;52
2025-07;Ф6;2299;4131;4299;679;39;345;559;88
2025-07;Ф7;752;1383;1465;246;13;114;199;31
2025-08;ЦГБ;6484;11925;11558;2581;121;1023;1572;227
2025-08;Ф1;2848;5102;4855;909;53;409;716;121
2025-08;Ф2;4402;7244;7953;1172;82;576;1015;157
2025-08;Ф3;2106;3823;3587;618;36;303;500;72
2025-08;Ф4;2502;4559;4439;750;43;368;579;96
2025-08;Ф5;1420;2618;2588;459;26;223;370;58
2025-08;Ф6;2242;4077;4093;669;42;327;588;97
2025-08;Ф7;835;1479;1450;259;16;121;187;31
2025-09;ЦГБ;8532;15597;14269;3469;380;1237;2143;321
2025-09;Ф1;3832;6831;6194;1132;161;580;979;152
2025-09;Ф2;4857;8236;7904;1336;202;704;1220;198
2025-09;Ф3;2526;4733;4310;770;113;394;642;97
2025-09;Ф4;3310;6056;5430;1007;159;518;825;137
2025-09;Ф5;1797;3344;3098;581;79;280;467;78
2025-09;Ф6;2999;5447;4909;897;141;441;727;102
2025-09;Ф7;1063;1877;1740;330;49;158;279;40
2025-10;ЦГБ;9108;16853;16444;3812;176;1356;2322;387
2025-10;Ф1;3964;7321;6995;1239;77;579;1033;152
2025-10;Ф2;5046;8413;8271;1451;86;689;1184;172
2025-10;Ф3;2830;5252;5104;891;50;452;760;126
2025-10;Ф4;3530;6615;6410;1109;63;551;964;140
2025-10;Ф5;2047;3673;3523;608;38;303;515;74
2025-10;Ф6;3343;6181;5826;1075;59;484;781;110
2025-10;Ф7;1185;2107;2023;369;21;178;293;50
2025-11;ЦГБ;9548;17041;16697;3864;168;1432;2539;366
2025-11;Ф1;4173;7715;7544;1276;71;651;1036;170
2025-11;Ф2;5269;8723;8608;1457;97;706;1275;197
2025-11;Ф3;3144;5818;5618;1013;59;495;762;123
2025-11;Ф4;3793;6880;6783;1194;64;587;1029;174
2025-11;Ф5;2189;3971;3778;705;37;339;509;75
2025-11;Ф6;3459;6291;6216;1087;62;490;865;133
2025-11;Ф7;1180;2162;2098;352;23;179;327;49
2025-12;ЦГБ;8376;15090;16051;3309;151;1253;2237;351
2025-12;Ф1;3382;6081;6851;996;62;477;942;138
2025-12;Ф2;4703;7720;8151;1325;83;630;1060;152
2025-12;Ф3;2512;4540;4977;785;42;374;682;109
2025-12;Ф4;3127;5822;6204;948;53;495;832;139
2025-12;Ф5;1815;3284;3506;569;31;268;510;87
2025-12;Ф6;2979;5302;5636;932;50;454;737;110
2025-12;Ф7;998;1839;2007;320;19;149;263;40
